recurrence_order,tap_value,reflected_value,matrix_order,global_antiperiod_h,gcd_matrix_with_order,gcd_matrix_with_value,gcd_matrix_with_order_plus_value,v2_matrix_order,k_divides_matrix_order,v_divides_matrix_order,k_plus_v_divides_matrix_order
89,1,88,840662717294092438860223258048805005100,,1,1,10,2,False,True,False
89,2,87,48289144569666813135399620940652197795568,,1,2,13,4,False,True,False
89,3,86,5843179009911668307733637758035568240,,1,1,92,4,False,False,True
89,4,85,242431115044429704680552810041753150901526,,1,2,3,1,False,False,False
89,5,84,1539675294035348874343079453060948200,,1,5,2,3,False,True,False
89,6,83,207523596497741676335780827129762149831752,,1,2,1,3,False,False,False
89,7,82,1490405696594654716836192076511884095880,,1,7,8,3,False,True,False
89,8,81,425663283507334182501541990640,,1,8,1,4,False,True,False
89,9,80,290932118936257028528283279357264466661344,,1,1,2,5,False,False,False
89,10,79,60601620059881828513070783027959304472480,,1,10,3,5,False,True,False
89,11,78,12724589305421858382142717024616200,,1,11,100,3,False,True,True
89,12,77,969773729787523602876821942164080815560160,,89,4,1,5,True,False,False
89,13,76,1454660594681285404315232913246121223340241,,1,1,1,0,False,False,False
89,14,75,51880606255241333722502401406555895207656,,1,2,1,3,False,False,False
89,15,74,1293031639716698137169095922885441087413544,,1,1,104,3,False,False,True
89,16,73,5509984696481941571296137222846500780640,,1,16,105,5,False,True,True
89,17,72,94189367693979959871604137648650529524,,1,1,2,2,False,False,False
89,18,71,742201418385581667296229861765560210,,1,2,1,1,False,False,False
89,19,70,45395017561671600825064481003087108389784,,1,1,4,3,False,False,False
89,20,69,18649493503296573381353069366796150387704,,1,4,1,3,False,False,False
89,21,68,41568885610752313677751434074534951360,,1,1,10,6,False,False,False
89,22,67,53876318321529089047180464272385538946640,,1,2,3,4,False,False,False
89,23,66,16696923322711962815573181659595740744,,1,1,8,3,False,False,False
89,24,65,4662373700455814555031410318498719642694,,1,2,1,1,False,False,False
89,25,64,1454660594681285404315232913246121223340241,,1,1,1,0,False,False,False
89,26,63,241445722848333674841367588289152056051920,,1,2,5,4,False,False,False
89,27,62,175071346839451990440009968711364231661840,,1,1,4,4,False,False,False
89,28,61,241444359880161596916770007543180660734454,,1,2,3,1,False,False,False
89,29,60,363498863737230211915077634700048124624986,,1,1,2,1,False,False,False
89,30,59,841817473773891562091309807401355818040,,1,10,119,3,False,False,True
89,31,58,4492216317934557645633200,,1,1,40,4,False,False,False
89,32,57,8439267626712056961145161710527082930,,1,2,1,1,False,False,False
89,33,56,1400784276359756315266520583125894511364664,,1,1,2,3,False,False,False
89,34,55,280176614059778284118698854057458397480,,1,2,123,3,False,False,True
89,35,54,727330297332916913561958303532556915424532,,1,7,4,2,False,False,False
89,36,53,242443432444302103642192731728072255522960,,1,4,5,4,False,False,False
89,37,52,1995419181642092773450817156825789045768,,1,1,14,3,False,False,False
89,38,51,259020761160280427098432005789765251240,,1,2,1,3,False,False,False
89,39,50,918346313691268462775280386554370243360,,1,1,32,5,False,False,False
89,40,49,24668643856439969929883504803837948932,,1,4,3,2,False,False,False
89,41,48,5632057495136343219064153521039920,,1,1,130,4,False,False,True
89,42,47,124713620593254333510570368520611716100,,1,2,1,2,False,False,False
89,43,46,33927066348628687217499216004921760,,1,1,44,5,False,False,False
89,44,45,17958772773843000608035608211209027321464,,1,4,133,3,False,False,True
89,45,44,727330297340642701619192628141241751844412,,1,1,2,2,False,False,False
89,46,43,53802413906821916087054288515123520325672,,1,2,3,3,False,False,False
89,47,42,284668856649851407868012108545627091624,,1,1,8,3,False,False,False
89,48,41,300814180751319241196916941600,,1,16,1,5,False,False,False
89,49,40,181831547884956409098708738202215198226400,,1,1,46,5,False,False,False
89,50,39,242442976244214857681515665826674588303920,,1,10,1,4,False,False,False
89,51,38,1454660594542221209593386157617473105047760,,1,1,20,4,False,False,False
89,52,37,59780459896468795652282542794581689241040,,1,52,3,4,False,True,False
89,53,36,37964501346746861541715065168319520,,1,1,2,5,False,False,False
89,54,35,6734425740168439876518581324279722956760,,1,2,11,3,False,False,False
89,55,34,2061034376292377693791027337349827360,,1,55,16,5,False,True,False
89,56,33,498854799273417490822322889662980293062,,1,2,1,1,False,False,False
89,57,32,751357255701603428899659668782356073898,,1,1,2,1,False,False,False
89,58,31,1120371075942279740362247751178173522240,,1,2,21,6,False,False,False
89,59,30,6498564562969387293249003499360,,1,1,4,5,False,False,False
89,60,29,8979369490621856137071246139926879116920,,1,20,1,3,False,False,False
89,61,28,29683921931723147028868332748904220880,,1,61,10,4,False,True,False
89,62,27,215505258267183326235399712587474902689352,,1,2,1,3,False,False,False
89,63,26,321927630187461592812166558066821728364872,,1,1,8,3,False,False,False
89,64,25,95380106119198932341938853676,,1,4,3,2,False,False,False
89,65,24,145458669026657823135357487164101803168160,,1,65,22,5,False,True,False
89,66,23,844810213926921853265983155606688,,1,2,1,5,False,False,False
89,67,22,230240660541862528029273197208840462721,,1,1,13,0,False,False,False
89,68,21,969773729787523602876821942164080815560160,,89,4,1,5,True,False,False
89,69,20,790742360238398641589359135200473344,,1,23,2,8,False,False,False
89,70,19,40232349185131615472394481320,,1,70,3,3,False,True,False
89,71,18,505013500499015227902203064152529716120,,1,71,40,3,False,True,False
89,72,17,969773729787523602876821942164080815560160,,89,8,23,5,True,False,False
89,73,16,6153880047176963920,,1,73,2,4,False,True,False
89,74,15,74828218152710189655682679808945173920,,1,2,1,5,False,False,False
89,75,14,12830627549239985708350756224395800,,1,25,4,3,False,False,False
89,76,13,93406968507829124498753548940085432960,,1,4,15,7,False,False,False
89,77,12,1436701821907442374632328803206045652681680,,1,11,2,4,False,False,False
89,78,11,215505273285862009245198023258126504084168,,1,2,1,3,False,False,False
89,79,10,24734925972064986444631097593731281768,,1,1,8,3,False,False,False
89,80,9,242443432444273844305805529816787302469592,,1,8,13,3,False,False,False
89,81,8,1454660594542221209593386157617473105047760,,1,1,10,4,False,False,False
89,82,7,2002748420960712984859469151600918559974,,1,2,3,1,False,False,False
89,83,6,1454660593429707651818612112588334649166584,,1,1,4,3,False,False,False
89,84,5,29683921940236412696563429510860537760,,1,4,1,5,False,False,False
89,85,4,700071885716147074799408777940833425189994,,1,1,2,1,False,False,False
89,86,3,306971969822296241325462294722364472616,,1,2,1,3,False,False,False
89,87,2,323257909651041434640120832766151622757192,,1,1,8,3,False,False,False
89,88,1,9200035164160915948080491961063266880,,1,88,3,6,False,True,False
96,1,95,7359730080605648735070707665531838572211440,,16,1,1,4,False,True,False
96,2,94,6135568501670730066724,,4,2,2,2,False,True,False
96,3,93,68630377364880,,48,3,3,4,False,True,False
96,4,92,41841412808,,8,4,4,3,False,True,False
96,5,91,244706237816385122459251403406069725793013202,,2,1,1,1,False,False,False
96,6,90,15478320,,48,6,6,4,False,True,False
96,7,89,39760714608308971263527811034385871667226848,,32,1,1,5,False,False,False
96,8,88,52480,,32,8,8,8,False,True,False
96,9,87,693612073156548,,12,3,21,2,False,False,False
96,10,86,301523720463680,,32,10,2,6,False,True,False
96,11,85,795335680116648345321297024103996608579525368,,8,1,1,3,False,False,False
96,12,84,37752,,24,12,12,3,False,True,False
96,13,83,1995407932893897495179917417712237042720,,32,13,1,5,False,True,False
96,14,82,5908625413101667397284,,4,2,22,2,False,False,False
96,15,81,5559060566555520,2779530283277760,96,15,3,7,True,True,False
96,16,80,11648,5824,32,16,112,7,False,True,True
96,17,79,65418290000013473146875160,,8,1,1,3,False,False,False
96,18,78,63481440,,96,6,6,5,True,False,False
96,19,77,258665451442134464348760207984811376936,,8,1,23,3,False,False,False
96,20,76,12837486112,,32,4,4,5,False,False,False
96,21,75,2779530068044158,,6,3,39,1,False,False,False
96,22,74,79729970080495339074772,,4,2,2,2,False,False,False
96,23,73,169619136456463872972221598301040,,16,1,7,4,False,False,False
96,24,72,1920,960,96,24,120,7,True,True,True
96,25,71,64751900377544900200295179375637923694,,2,1,1,1,False,False,False
96,26,70,1994161076349805765600,,32,2,122,5,False,False,True
96,27,69,7353240824280,,24,3,3,3,False,False,False
96,28,68,562534549544,,8,4,4,3,False,False,False
96,29,67,80481907546865398203041639516705432091218,,2,1,1,1,False,False,False
96,30,66,124357116,,12,6,6,2,False,False,False
96,31,65,198467018487221788277975601261284170342058264,,8,1,1,3,False,False,False
96,32,64,416,,32,32,32,5,False,True,False
96,33,63,1372537810428720,,48,3,3,4,False,False,False
96,34,62,79766443008240970237012,,4,2,2,2,False,False,False
96,35,61,11972515182562019788602740026717047105680,,16,35,1,4,False,True,False
96,36,60,78720,39360,96,12,12,7,True,False,False
96,37,59,878418231207848680779599364644183724808,,8,37,133,3,False,True,True
96,38,58,474148941887908693120,,32,2,2,7,False,False,False
96,39,57,2779514592482238,,6,39,3,1,False,True,False
96,40,56,157456,,16,8,8,4,False,False,False
96,41,55,80481907546865398203041639516705432091218,,2,1,1,1,False,False,False
96,42,54,258280320,129140160,96,6,6,7,True,False,False
96,43,53,2980811393188918558086712730745496592720,,16,1,1,4,False,False,False
96,44,52,1549681952,,32,4,28,5,False,False,False
96,45,51,102945537349512,,24,3,3,3,False,False,False
96,46,50,24315330918113857600,,32,2,2,6,False,False,False
96,47,49,795335513857059703670189864723705296679469368,,8,1,1,3,False,False,False
96,48,48,384,192,96,48,48,7,True,True,False
96,49,47,795335513857059703670189864723705296679469368,,8,1,1,3,False,False,False
96,50,46,24315330918113857600,,32,50,2,6,False,True,False
96,51,45,102945537349512,,24,3,3,3,False,False,False
96,52,44,1549681952,,32,52,148,5,False,True,True
96,53,43,2980811393188918558086712730745496592720,,16,53,1,4,False,True,False
96,54,42,258280320,129140160,96,6,30,7,True,False,False
96,55,41,80481907546865398203041639516705432091218,,2,11,1,1,False,False,False
96,56,40,157456,,16,8,8,4,False,False,False
96,57,39,2779514592482238,,6,3,3,1,False,False,False
96,58,38,474148941887908693120,,32,2,22,7,False,False,False
96,59,37,878418231207848680779599364644183724808,,8,1,1,3,False,False,False
96,60,36,78720,39360,96,60,12,7,True,True,False
96,61,35,11972515182562019788602740026717047105680,,16,1,1,4,False,False,False
96,62,34,79766443008240970237012,,4,2,2,2,False,False,False
96,63,33,1372537810428720,,48,3,3,4,False,False,False
96,64,32,256,,32,64,32,8,False,True,False
96,65,31,198467018487221788277975601261284170342058264,,8,13,7,3,False,False,False
96,66,30,124357116,,12,6,6,2,False,False,False
96,67,29,80481907546865398203041639516705432091218,,2,1,1,1,False,False,False
96,68,28,562534549544,,8,4,4,3,False,False,False
96,69,27,7353240824280,,24,3,15,3,False,False,False
96,70,26,1994161076349805765600,,32,10,2,5,False,False,False
96,71,25,64751900377544900200295179375637923694,,2,1,1,1,False,False,False
96,72,24,1920,960,96,24,24,7,True,False,False
96,73,23,169619136456463872972221598301040,,16,73,13,4,False,True,False
96,74,22,79729970080495339074772,,4,2,2,2,False,False,False
96,75,21,2779530068044158,,6,3,3,1,False,False,False
96,76,20,12837486112,,32,4,4,5,False,False,False
96,77,19,258665451442134464348760207984811376936,,8,7,1,3,False,False,False
96,78,18,63481440,,96,6,6,5,True,False,False
96,79,17,65418290000013473146875160,,8,1,35,3,False,False,False
96,80,16,11648,5824,32,16,16,7,False,False,False
96,81,15,5559060566555520,2779530283277760,96,3,3,7,True,False,False
96,82,14,5908625413101667397284,,4,2,2,2,False,False,False
96,83,13,1995407932893897495179917417712237042720,,32,1,1,5,False,False,False
96,84,12,37752,,24,12,12,3,False,False,False
96,85,11,795335680116648345321297024103996608579525368,,8,1,1,3,False,False,False
96,86,10,301523720463680,,32,2,26,6,False,False,False
96,87,9,693612073156548,,12,3,3,2,False,False,False
96,88,8,52480,,32,8,8,8,False,False,False
96,89,7,39760714608308971263527811034385871667226848,,32,1,1,5,False,False,False
96,90,6,15478320,,48,30,6,4,False,False,False
96,91,5,244706237816385122459251403406069725793013202,,2,13,1,1,False,False,False
96,92,4,41841412808,,8,4,4,3,False,False,False
96,93,3,68630377364880,,48,3,3,4,False,False,False
96,94,2,6135568501670730066724,,4,2,2,2,False,False,False
96,95,1,7359730080605648735070707665531838572211440,,16,5,1,4,False,False,False
97,1,96,4576362230867323881975722745072297368628398186,,1,1,2,1,False,True,False
97,2,95,117827508169182400907623719716590544599967598,,1,2,3,1,False,True,False
97,3,94,74561457287097904413485347748003965386540755,,1,1,5,0,False,False,False
97,4,93,3181342720567971179150189757528208837324129706,,1,2,1,1,False,False,False
97,5,92,367277438204353184643937417082563158979280,,1,5,2,4,False,True,False
97,6,91,1454660594681285404313263371441754000874480,,1,2,1,4,False,False,False
97,7,90,2797424219738273192161950914929384193680,,1,7,104,4,False,True,True
97,8,89,3829393926539466123781285685366630197836192,,1,8,3,5,False,True,False
97,9,88,16896299658684439198110680956461280,,97,1,2,5,True,False,False
97,10,87,14728435403780735636075650611158860407571448,,1,2,1,3,False,False,False
97,11,86,9544028161703913537711161865357203741201621144,,1,1,4,3,False,False,False
97,12,85,3181342720567971179150189757528208837324129706,,1,2,1,1,False,False,False
97,13,84,589137417671896076792733233128670590121425720,,1,1,10,3,False,False,False
97,14,83,353482524203418959391922743358965459218855832,,1,2,3,3,False,False,False
97,15,82,9239460077973417673937970938254006640,,1,5,112,4,False,False,True
97,16,81,198833864607187168176233309735240358531904904,,1,8,1,3,False,False,False
97,17,80,4752376162823759415897865927575078036652568920,,1,1,2,3,False,False,False
97,18,79,793451233462519311444672498134247940003768,,1,2,1,3,False,False,False
97,19,78,238600703426727587119879495777653318031080064,,1,19,4,7,False,True,False
97,20,77,1584125387607896723313607787289756065406918966,,1,2,3,1,False,False,False
97,21,76,18376887000048859611564389224046739361311440,,1,7,2,4,False,False,False
97,22,75,13589265178484799115214786058300242054662088,,1,2,7,3,False,False,False
97,23,74,9805489934518294206865644081881261579552648,,1,1,8,3,False,False,False
97,24,73,3206923684780673172839654652914247368240,,1,8,1,4,False,False,False
97,25,72,923803445537227997641074705753790840,,1,5,2,3,False,False,False
97,26,71,41903800182565302500899122614190167604756,,1,26,3,2,False,True,False
97,27,70,353320895552587765981455460928446777135750898,,1,1,2,1,False,False,False
97,28,69,1454660594542221209593386157617473105047760,,1,4,5,4,False,False,False
97,29,68,9426200653534729419962709277834865527244764880,,1,1,2,4,False,False,False
97,30,67,13469079267487834138022882365610174352320,,1,10,1,6,False,False,False
97,31,66,63813145693946841895853759018437342514561960,,1,1,8,3,False,False,False
97,32,65,775956443026159103051114218293219384648,,1,8,3,3,False,False,False
97,33,64,22559345148709695105305472574038320,,1,1,130,4,False,False,True
97,34,63,2104062644067959777081280507532972140486320,,1,2,1,4,False,False,False
97,35,62,4772013083142358222021139188342231780079207692,,1,1,4,2,False,False,False
97,36,61,1454660583417085631845645707326047221383840,,1,4,133,5,False,False,True
97,37,60,4771987142236598488789444153282977806302265066,,1,1,2,1,False,False,False
97,38,59,4819249957308330348869064,,1,2,3,3,False,False,False
97,39,58,1055857774706301249871131985887320,,1,1,8,3,False,False,False
97,40,57,8727963568087712425891397479476727340041448,,1,8,1,3,False,False,False
97,41,56,49743067725233607570044341818873309755986772,,1,1,2,2,False,False,False
97,42,55,19557103550715059324603137647532818474344240,,1,2,1,4,False,False,False
97,43,54,238600698497232290514904905785663756484208192,,1,1,4,6,False,False,False
97,44,53,198803614606442338148240958788545102132752240,,1,44,3,4,False,True,False
97,45,52,569736274479580299436161012885581403827680,,1,5,2,5,False,False,False
97,46,51,161628921171987949737375372600458321376248,,1,2,1,3,False,False,False
97,47,50,144263860629378700403810246975568702548168,,1,1,8,3,False,False,False
97,48,49,545497718781407107096305760850921590354580,,1,4,5,2,False,False,False
97,49,48,4595272818598180592105829439030100363592532586,,1,1,2,1,False,False,False
97,50,47,9238051838294813298875688891492931752,,1,2,21,3,False,False,False
97,51,46,59650176010437386713690133781162862624348240,,1,1,4,4,False,False,False
97,52,45,84183155402062243202972266337504737600,,1,52,1,6,False,True,False
97,53,44,14904047617742346521339817548149021324840,,1,1,10,3,False,False,False
97,54,43,1088908371527904091020583499838418014376,,1,2,1,3,False,False,False
97,55,42,265111887221963039338704393602305167682407440,,1,5,8,4,False,False,False
97,56,41,1583401050439374803102078176753409630867232534,,1,2,3,1,False,False,False
97,57,40,1148643106615000178518546878163233499319024480,,1,1,2,5,False,False,False
97,58,39,22739463895878891093179866965426766193080,,1,2,5,3,False,False,False
97,59,38,4772014080851956737062752865454224378622587560,,1,1,52,3,False,False,False
97,60,37,12432996535737482005329994905814123405520,,1,20,1,4,False,False,False
97,61,36,36952207067446162471311428830076115253,,1,1,1,0,False,False,False
97,62,35,3709597861171782925343563353360,,1,2,3,4,False,False,False
97,63,34,1836661565500456841045210499493986640960,,97,7,160,6,True,False,True
97,64,33,1671312172612540677298352708835969065114320,,1,16,1,4,False,False,False
97,65,32,561413416929382284149369499162717426063476800,,1,5,2,6,False,False,False
97,66,31,19792512670700761425066002905544852172883520,,1,22,1,6,False,False,False
97,67,30,22082554433065440119718602617057842060483992,,1,1,4,3,False,False,False
97,68,29,5793458297612881146953572536240,,1,4,15,4,False,False,False
97,69,28,917695015460722431901004588838154743514640,,1,1,2,4,False,False,False
97,70,27,13595480764336440387283170885407235863342888,,1,14,1,3,False,False,False
97,71,26,14429438902921064348710342454965997528,,1,1,56,3,False,False,False
97,72,25,3976453916050355317420269881579957976532960,,1,8,13,5,False,False,False
97,73,24,60610857955273006117723771303031777628364,,1,1,2,2,False,False,False
97,74,23,110805933130004498072474368984687983600,,1,2,3,4,False,False,False
97,75,22,1104624574851131802554696642243667806164360,,1,5,4,3,False,False,False
97,76,21,190681719752652783702668595825390706524530744,,1,4,1,3,False,False,False
97,77,20,1193003520212989192181321163632202861142896940,,1,1,58,2,False,False,False
97,78,19,3398689217530373224369119578954792462749040,,1,26,35,4,False,False,False
97,79,18,510585868733131176914646752549388549392424760,,1,1,8,3,False,False,False
97,80,17,916739207643377353380512143654769048877720,,1,40,177,3,False,False,True
97,81,16,9544028161703913537712243143807801346335324481,,1,1,1,0,False,False,False
97,82,15,30427252140541945564687649871394328,,1,2,1,3,False,False,False
97,83,14,572045278858414559117910246969696473073893738,,1,1,2,1,False,False,False
97,84,13,3519257840170772583105585706190790800,,1,4,1,4,False,False,False
97,85,12,9544028161703913537712243143807801346335324481,,1,1,1,0,False,False,False
97,86,11,11330505855584479658184509218644942240,,1,2,183,5,False,False,True
97,87,10,16896299658703642230697753999541080,,1,29,8,3,False,False,False
97,88,9,58886811821507843893822971464527517159865434,,1,22,1,1,False,False,False
97,89,8,2384875656217329949697403898014120076194139112,,1,1,2,3,False,False,False
97,90,7,19883379531967754540608068406734115920621440,,1,10,17,7,False,False,False
97,91,6,89752974746783197856381529427180632109840,,1,91,4,4,False,True,False
97,92,5,79206252820332694768800801342854601518971632,,1,4,3,4,False,False,False
97,93,4,128362527831652637186570099663109640,,1,1,10,3,False,False,False
97,94,3,13595456117834121812150174477036851503673520,,1,2,1,4,False,False,False
97,95,2,130919453521161170616457799130337070448556880,,1,5,16,4,False,False,False
97,96,1,3181342720567971179227722594306943408228170986,,1,2,1,1,False,False,False
98,1,97,2909321189331662885969399015494739831345576,,2,1,11,3,False,True,False
98,2,96,29529618548331607043680,,2,2,20,5,False,True,False
98,3,95,1995415442360412474904721364428195123120,,14,1,1,4,False,False,False
98,4,94,159532886153745019726716,,2,4,6,2,False,True,False
98,5,93,1590671360283359511069543999704208694128251048,,2,1,1,3,False,False,False
98,6,92,1345292657106436324,,2,2,52,2,False,False,False
98,7,91,33480776,16740388,14,7,7,3,False,True,False
98,8,90,10936875178826271584,,14,8,2,5,False,True,False
98,9,89,4786741481365369991385259228852316117214880,,2,1,1,5,False,False,False
98,10,88,119649589567991115498320,,14,10,4,4,False,True,False
98,11,87,132549209071347775752283185359969725801181120,,2,11,1,6,False,True,False
98,12,86,4431467790164343433648,,2,4,22,4,False,False,False
98,13,85,12725370871323082538109218760922756592316406184,,2,1,1,3,False,False,False
98,14,84,13552,,14,14,112,4,False,True,True
98,15,83,1510532332199900826770227071886809674449496,,14,1,1,3,False,False,False
98,16,82,14633979109533395040,,2,16,6,5,False,True,False
98,17,81,1001679670411269873525708984550161085840,,2,1,5,4,False,False,False
98,18,80,20920706404,,2,2,4,2,False,False,False
98,19,79,9063653842890960278400368681323224517596728,,14,1,13,3,False,False,False
98,20,78,79438186109477972785492,,2,4,2,2,False,False,False
98,21,77,1860040,930020,98,7,7,3,True,False,False
98,22,76,238314558328433918356960,,2,22,40,5,False,True,False
98,23,75,11972515182562019788602740026717047105680,,98,1,1,4,True,False,False
98,24,74,5908625413101667397284,,2,4,2,2,False,False,False
98,25,73,78551672112789411833022577315290546060373040,,2,5,1,4,False,False,False
98,26,72,244153940083118565280,,2,2,4,5,False,False,False
98,27,71,302536794884593586846591138694833966566816,,98,1,1,5,True,False,False
98,28,70,4368,,14,28,42,4,False,True,False
98,29,69,566363288707116054543108938530452372500840,,2,1,1,3,False,False,False
98,30,68,26260557391562966210080,,2,10,32,5,False,False,False
98,31,67,893525270254506165731333693746464973135463768,446762635127253082865666846873232486567731884,14,1,1,3,False,False,False
98,32,66,972613236724554304,,2,32,2,6,False,True,False
98,33,65,981895901409867118023303776215425144713600,,14,11,1,7,False,False,False
98,34,64,20050876988730074240,,2,2,4,7,False,False,False
98,35,63,16120286,,14,7,7,1,False,False,False
98,36,62,79438186109477972785492,,2,4,2,2,False,False,False
98,37,61,13469076764332329144781281050038193049440,,14,37,5,5,False,True,False
98,38,60,442539022709672208320,,14,2,8,6,False,False,False
98,39,59,3579010560638967552797064649109430113379065560,1789505280319483776398532324554715056689532780,14,13,1,3,False,False,False
98,40,58,4985318246914873539672,,14,8,6,3,False,False,False
98,41,57,99416959761132202528522436841334440963629360,,14,1,1,4,False,False,False
98,42,56,7280,,14,14,140,4,False,False,True
98,43,55,13785818135542078045612628467319868719485186880,,2,1,1,6,False,False,False
98,44,54,2133345083021347463840,,2,44,142,5,False,True,True
98,45,53,318134272056797117923741438126926711544510816,,14,1,13,5,False,False,False
98,46,52,53153312974838314098064,,2,2,16,4,False,False,False
98,47,51,13635361662657419628050185754359603802720,,2,1,5,5,False,False,False
98,48,50,6135568501670730066724,,2,4,2,2,False,False,False
98,49,49,392,196,98,49,49,3,True,True,False
98,50,48,1107865180308850112240,,14,10,4,4,False,False,False
98,51,47,13635361662657419628050185754359603802720,,2,1,1,5,False,False,False
98,52,46,159532886153745019726716,,2,4,6,2,False,False,False
98,53,45,318134272056797117923741438126926711544510816,,14,1,1,5,False,False,False
98,54,44,328557568163802402880,,14,2,152,6,False,False,True
98,55,43,13785818135542078045612628467319868719485186880,,2,5,17,6,False,False,False
98,56,42,10192,,98,56,14,4,True,True,False
98,57,41,99416959761132202528522436841334440963629360,,14,19,5,4,False,False,False
98,58,40,238314558328433918356960,,2,2,4,5,False,False,False
98,59,39,3579010560638967552797064649109430113379065560,1789505280319483776398532324554715056689532780,14,1,1,3,False,False,False
98,60,38,17725876239305002191856,,2,4,2,4,False,False,False
98,61,37,13469076764332329144781281050038193049440,,14,1,1,5,False,False,False
98,62,36,26588814336079548571360,,2,2,160,5,False,False,True
98,63,35,16120286,,14,7,161,1,False,False,True
98,64,34,159532886153745019726716,,2,4,6,2,False,False,False
98,65,33,981895901409867118023303776215425144713600,,14,65,1,7,False,True,False
98,66,32,29912391137105365442896,,2,2,4,4,False,False,False
98,67,31,893525270254506165731333693746464973135463768,446762635127253082865666846873232486567731884,14,67,11,3,False,True,False
98,68,30,1470404874217334902132,,2,4,2,2,False,False,False
98,69,29,566363288707116054543108938530452372500840,,2,1,1,3,False,False,False
98,70,28,15302,,14,14,14,1,False,False,False
98,71,27,302536794884593586846591138694833966566816,,98,1,13,5,True,False,False
98,72,26,79766442459198984439252,,2,4,2,2,False,False,False
98,73,25,78551672112789411833022577315290546060373040,,2,1,1,4,False,False,False
98,74,24,735202414336435745920,,2,2,4,7,False,False,False
98,75,23,11972515182562019788602740026717047105680,,98,5,1,4,True,False,False
98,76,22,2132693335186671393552,,2,4,6,4,False,False,False
98,77,21,1860040,930020,98,7,35,3,True,False,False
98,78,20,3323601717660507994640,,2,2,16,4,False,False,False
98,79,19,9063653842890960278400368681323224517596728,,14,79,1,3,False,True,False
98,80,18,5908625413101667397284,,2,4,2,2,False,False,False
98,81,17,1001679670411269873525708984550161085840,,2,1,1,4,False,False,False
98,82,16,239299179135982230996640,,14,2,20,5,False,False,False
98,83,15,1510532332199900826770227071886809674449496,,14,1,1,3,False,False,False
98,84,14,10192,,98,28,182,4,True,False,True
98,85,13,12725370871323082538109218760922756592316406184,,2,1,1,3,False,False,False
98,86,12,2215730360617700224480,,14,2,8,5,False,False,False
98,87,11,132549209071347775752283185359969725801181120,,2,1,5,6,False,False,False
98,88,10,3321710264460192,,2,88,6,5,False,True,False
98,89,9,4786741481365369991385259228852316117214880,,2,1,11,5,False,False,False
98,90,8,8862487835746610078884,,2,2,4,2,False,False,False
98,91,7,33480776,16740388,14,7,7,3,False,False,False
98,92,6,340414419336819785776,,14,4,2,4,False,False,False
98,93,5,1590671360283359511069543999704208694128251048,,2,1,1,3,False,False,False
98,94,4,104932234904306270032,,2,94,16,4,False,True,False
98,95,3,1995415442360412474904721364428195123120,,14,5,1,4,False,False,False
98,96,2,182114824160358929840,,14,16,2,4,False,False,False
98,97,1,2909321189331662885969399015494739831345576,,2,1,1,3,False,False,False
99,1,98,22092532890612058847444126356527763232385200,,11,1,100,4,False,True,True
99,2,97,235655016338059203948780360406030608521032424,,11,2,1,3,False,True,False
99,3,96,8334778051087512,,3,3,6,3,False,True,False
99,4,95,28632084485111740613127036331433210753640725762,,11,2,1,1,False,False,False
99,5,94,298249189489799983276775189942297493227009840,,11,5,8,4,False,True,False
99,6,93,2676584717230398,,3,6,3,1,False,True,False
99,7,92,25836589879674314147692695956327967885883040,,11,1,2,5,False,False,False
99,8,91,863353550023023307848847978389706739120,,11,8,1,4,False,True,False
99,9,90,383760,,9,9,36,4,False,True,False
99,10,89,1590671360283954682931728035200227617739662008,,11,2,1,3,False,False,False
99,11,88,8008,,11,11,22,3,False,True,False
99,12,87,1366958956553520,,33,12,3,4,False,True,False
99,13,86,9543974285385592008623194431477681119623260344,,1,1,8,3,False,False,False
99,14,85,181804860179645191340607141648197583829280,,11,2,1,5,False,False,False
99,15,84,8338590849833283,,3,3,3,0,False,False,False
99,16,83,28632084485111740549549992018373956814618824962,,1,2,1,1,False,False,False
99,17,82,6607391678952327480934080165944603956683209840,,1,1,4,4,False,False,False
99,18,81,29520,,9,18,9,4,False,True,False
99,19,80,85896253455335221839410188294270212117017920333,,1,1,1,0,False,False,False
99,20,79,861083017727117506779748919841170215995289760,,1,20,1,5,False,True,False
99,21,78,7412080755407352,,3,3,24,3,False,False,False
99,22,77,34606,,11,22,121,1,False,True,True
99,23,76,391119991042085642017766855017681575253002320,,11,23,2,4,False,True,False
99,24,75,847288609440,,3,24,123,5,False,True,True
99,25,74,85896253455335221839410188294270212117017920333,,1,1,1,0,False,False,False
99,26,73,8739952529032845405659953475173030795489448,,11,26,1,3,False,True,False
99,27,72,797157,,9,9,9,0,False,False,False
99,28,71,320252463731082661024208244258831570560,,1,4,1,7,False,False,False
99,29,70,76352225293631308301697945150462410770682595848,,1,1,8,3,False,False,False
99,30,69,276766998375648,,33,6,3,5,False,False,False
99,31,68,8764028922464812831180521782767084864596800,,11,1,130,6,False,False,True
99,32,67,13785818455793939165185000982892284681929342640,,1,16,1,4,False,False,False
99,33,66,429,,33,33,33,0,False,True,False
99,34,65,724668521321066129616763987582434293832280,,11,2,1,3,False,False,False
99,35,64,22725354121361272694697158036823704,,11,1,2,3,False,False,False
99,36,63,261360,,99,36,135,4,True,True,True
99,37,62,9190545637196361184463641545888993889063645784,,1,1,8,3,False,False,False
99,38,61,57264168970223481226273458862846808078011946888,,1,2,1,3,False,False,False
99,39,60,151587634852896,,33,3,6,5,False,False,False
99,40,59,7158020954993002062145018627262239527564902720,,1,40,1,6,False,True,False
99,41,58,8728407017105499569873950978434754329478160,,1,1,140,4,False,False,True
99,42,57,617673396283944,,33,42,3,3,False,True,False
99,43,56,488038323405310336400493527913104384721250760,,11,1,2,3,False,False,False
99,44,55,72160,,11,44,11,5,False,True,False
99,45,54,87120,,99,45,144,4,True,True,True
99,46,53,132374114115991185399581628092576436077129360,,1,2,145,4,False,False,True
99,47,52,208093716268336835660856271701718952466320,,1,1,146,4,False,False,True
99,48,51,60080465033160,,33,24,3,3,False,False,False
99,49,50,10339363841516428489176861313351955911533829784,,1,1,4,3,False,False,False
99,50,49,795335680141992794220587507992679709786952568,,1,2,1,3,False,False,False
99,51,48,1029449846508720,,3,3,30,4,False,False,False
99,52,47,28514256976942556495387195565450468219915413762,,11,26,1,1,False,False,False
99,53,46,19087948570771183635728109217084518060961190696,,11,1,8,3,False,False,False
99,54,45,255762,,9,18,9,1,False,False,False
99,55,44,108251,,11,11,11,0,False,False,False
99,56,43,1096700127782210734146808916432506280873618480,,11,56,5,4,False,True,False
99,57,42,1042164989613660,,33,3,12,2,False,False,False
99,58,41,381363519238943656831310228756024780719032920,,11,2,1,3,False,False,False
99,59,40,198743002206309998636876151113364566995314160,,11,1,2,4,False,False,False
99,60,39,693929371133544,,3,12,3,3,False,False,False
99,61,38,6061085811172022477598374392767326372680,,1,1,40,3,False,False,False
99,62,37,7157980547755199598642604558615141743836801440,,1,2,23,5,False,False,False
99,63,36,767520,,9,9,18,5,False,False,False
99,64,35,2791825120907423662573170563233837106799200,,11,32,1,5,False,False,False
99,65,34,824792557184288824246737061810550733633916927,,1,13,1,0,False,False,False
99,66,33,264,,33,66,33,3,False,True,False
99,67,32,381887370214739880094749761573744388257993480,,11,67,2,3,False,True,False
99,68,31,57264168970223481226273458862846808078011946888,,1,4,1,3,False,False,False
99,69,30,92650486398360,,33,69,24,3,False,True,False
99,70,29,1091155571300282819026402548718151482436320,,1,70,13,5,False,True,False
99,71,28,66267871535454708967576908082196482158718480,,1,1,10,4,False,False,False
99,72,27,255762,,9,18,9,1,False,False,False
99,73,26,42947884283778966523282221879189996265338663458,,11,1,2,1,False,False,False
99,74,25,11917542690701402789899998439555864684303520,,11,2,1,5,False,False,False
99,75,24,77068007598036,,3,3,6,2,False,False,False
99,76,23,28631922856156776025869583294433043358869958178,,1,2,1,1,False,False,False
99,77,22,96184,,11,11,88,3,False,False,False
99,78,21,1429484765280,,33,78,3,5,False,True,False
99,79,20,1342098654924059772828268165642250308828621156,,11,1,2,2,False,False,False
99,80,19,18149994256050951630015680,,11,80,1,6,False,True,False
99,81,18,797157,,9,9,9,0,False,False,False
99,82,17,90895506301942033692497553750550489012717376,,1,82,1,6,False,True,False
99,83,16,6607404111948831126678924827231017172522117336,,11,1,182,3,False,False,True
99,84,15,25736246162718,,3,42,3,1,False,False,False
99,85,14,420235282907908525078036914553172328963568,,1,1,8,4,False,False,False
99,86,13,1101178070173727702715495592138373919089749688,,11,2,1,3,False,False,False
99,87,12,423644304720,,3,3,6,4,False,False,False
99,88,11,880,,11,88,11,4,False,True,False
99,89,10,10296814939717840645019403139307425662840461092,,11,1,4,2,False,False,False
99,90,9,236088,,9,18,27,3,False,False,False
99,91,8,22173430687936113871773512825465421906668552,,11,1,2,3,False,False,False
99,92,7,44185315563443829550836431457807772847635840,,11,4,1,7,False,False,False
99,93,6,7412080755407352,,3,3,24,3,False,False,False
99,94,5,14606715888741548711395370539240657954352240,,11,2,1,4,False,False,False
99,95,4,10737031681916902729043124405290251516888381300,,11,5,2,2,False,False,False
99,96,3,2768091887049918,,33,6,39,1,False,False,False
99,97,2,443449017787143982553498965652586921698,,1,1,2,1,False,False,False
99,98,1,1472619367455064062239274657002171041428320,,1,2,1,5,False,False,False
100,1,99,1610554415098643404584660911429604708702293680,,20,1,1,4,False,True,False
100,2,98,23634501652406669589136,,4,2,2,4,False,True,False
100,3,97,125346940636678653943775864245105562282720,,20,1,1,5,False,False,False
100,4,96,16270558304,,4,4,104,5,False,True,True
100,5,95,71744530,,10,5,5,1,False,True,False
100,6,94,691309173332895085482436,,4,2,2,2,False,False,False
100,7,93,124072366102149068155727776861677799047360840080,,20,1,1,4,False,False,False
100,8,92,1129718145912,,4,8,12,3,False,True,False
100,9,91,16398743410973152619870480,,20,1,1,4,False,False,False
100,10,90,16400,8200,100,10,10,4,True,True,False
100,11,89,8038050373821371676045462313374201338486368360,,20,1,1,3,False,False,False
100,12,88,1694577218884,,4,4,4,2,False,False,False
100,13,87,4020862875610690724110404316103176777633136800,,100,13,1,5,True,True,False
100,14,86,82064224691038732444,,4,2,2,2,False,False,False
100,15,85,322405720,,20,5,115,3,False,False,True
100,16,84,41841412808,,4,8,4,3,False,False,False
100,17,83,257687305705410984232826249649897390229830332186,,2,1,1,1,False,False,False
100,18,82,5697603076919464990240,,20,2,2,5,False,False,False
100,19,81,166513033131225509369986084669143490640,,20,19,7,4,False,True,False
100,20,80,2420,,20,20,20,2,False,True,False
100,21,79,9906574340650942246595967692054798145239072480,,20,7,1,5,False,False,False
100,22,78,22338458469279847563680,,20,22,2,5,False,True,False
100,23,77,3221103443489259646955364080897994428883071440,1610551721744629823477682040448997214441535720,20,23,41,4,False,True,False
100,24,76,258157856,,4,8,4,5,False,False,False
100,25,75,2000,1000,100,25,125,4,True,True,True
100,26,74,19921689028716531056,,4,26,14,4,False,True,False
100,27,73,8764029533234756049531472503766645968410648,,4,1,1,3,False,False,False
100,28,72,214934720,,20,28,64,6,False,True,False
100,29,71,62036183051001316779153850535576131732479995618,,2,1,1,1,False,False,False
100,30,70,2420,,20,10,10,2,False,False,False
100,31,69,128844299368525350461934577640577473201763486008,,4,1,1,3,False,False,False
100,32,68,2711392320,,20,32,12,6,False,True,False
100,33,67,19005439944713422497731840683728880,,20,11,1,4,False,False,False
100,34,66,2492696134454532304480,,20,2,134,5,False,False,True
100,35,65,8712969730,,10,5,5,1,False,False,False
100,36,64,843754192424,,4,4,8,3,False,False,False
100,37,63,9910938321522585921238876827115010514750625736,,4,1,1,3,False,False,False
100,38,62,450283623459866560,,20,2,2,6,False,False,False
100,39,61,8539129903621188839329808911571655640,,20,13,1,3,False,False,False
100,40,60,1600,,100,40,20,6,True,True,False
100,41,59,128173931919625143987638737495239737829999200,,100,41,1,5,True,True,False
100,42,58,226943088569062670896,,4,14,2,4,False,False,False
100,43,57,15342119855865354130755748482665322451520,,20,1,13,6,False,False,False
100,44,56,846901186768,,4,4,16,4,False,False,False
100,45,55,322405720,,20,5,5,3,False,False,False
100,46,54,6908721863992486720,,20,2,2,6,False,False,False
100,47,53,136374402238864170229185516744446800246328,,4,47,7,3,False,True,False
100,48,52,86093440,,20,16,4,7,False,False,False
100,49,51,128138142464285068695320236862024326321595149208,,4,7,1,3,False,False,False
100,50,50,400,200,100,50,50,4,True,True,False
100,51,49,128138142464285068695320236862024326321595149208,,4,1,1,3,False,False,False
100,52,48,464691136,,4,52,8,6,False,True,False
100,53,47,136374402238864170229185516744446800246328,,4,1,1,3,False,False,False
100,54,46,6908721863992486720,,20,2,14,6,False,False,False
100,55,45,322405720,,20,5,5,3,False,False,False
100,56,44,62752513920,,20,8,12,7,False,False,False
100,57,43,15342119855865354130755748482665322451520,,20,19,1,6,False,False,False
100,58,42,226943088569062670896,,4,2,2,4,False,False,False
100,59,41,128173931919625143987638737495239737829999200,,100,1,1,5,True,False,False
100,60,40,2080,,20,20,160,5,False,False,True
100,61,39,8539129903621188839329808911571655640,,20,1,7,3,False,False,False
100,62,38,450283623459866560,,20,2,2,6,False,False,False
100,63,37,9910938321522585921238876827115010514750625736,,4,1,1,3,False,False,False
100,64,36,41841412808,,4,8,4,3,False,False,False
100,65,35,8712969730,,10,5,5,1,False,False,False
100,66,34,2492696134454532304480,,20,2,2,5,False,False,False
100,67,33,19005439944713422497731840683728880,,20,67,1,4,False,True,False
100,68,32,815907549808,,4,4,8,4,False,False,False
100,69,31,128844299368525350461934577640577473201763486008,,4,1,1,3,False,False,False
100,70,30,2420,,20,10,10,2,False,False,False
100,71,29,62036183051001316779153850535576131732479995618,,2,1,1,1,False,False,False
100,72,28,564600788264,,4,8,4,3,False,False,False
100,73,27,8764029533234756049531472503766645968410648,,4,1,1,3,False,False,False
100,74,26,19921689028716531056,,4,74,2,4,False,True,False
100,75,25,2000,1000,100,25,25,4,True,False,False
100,76,24,1694577218884,,4,4,44,2,False,False,False
100,77,23,3221103443489259646955364080897994428883071440,1610551721744629823477682040448997214441535720,20,7,1,4,False,False,False
100,78,22,22338458469279847563680,,20,2,2,5,False,False,False
100,79,21,9906574340650942246595967692054798145239072480,,20,1,1,5,False,False,False
100,80,20,1560,,20,40,60,3,False,False,False
100,81,19,166513033131225509369986084669143490640,,20,1,1,4,False,False,False
100,82,18,5697603076919464990240,,20,82,26,5,False,True,False
100,83,17,257687305705410984232826249649897390229830332186,,2,1,1,1,False,False,False
100,84,16,843754192424,,4,4,184,3,False,False,True
100,85,15,322405720,,20,5,5,3,False,False,False
100,86,14,82064224691038732444,,4,2,2,2,False,False,False
100,87,13,4020862875610690724110404316103176777633136800,,100,1,187,5,True,False,True
100,88,12,30094434656,,4,88,4,5,False,True,False
100,89,11,8038050373821371676045462313374201338486368360,,20,1,7,3,False,False,False
100,90,10,16400,8200,100,10,10,4,True,False,False
100,91,9,16398743410973152619870480,,20,91,1,4,False,True,False
100,92,8,2238429440,,20,4,64,8,False,False,False
100,93,7,124072366102149068155727776861677799047360840080,,20,1,1,4,False,False,False
100,94,6,691309173332895085482436,,4,2,2,2,False,False,False
100,95,5,71744530,,10,5,65,1,False,False,False
100,96,4,562534549544,,4,8,4,3,False,False,False
100,97,3,125346940636678653943775864245105562282720,,20,1,1,5,False,False,False
100,98,2,23634501652406669589136,,4,2,22,4,False,False,False
100,99,1,1610554415098643404584660911429604708702293680,,20,11,1,4,False,False,False
101,1,100,3268138416442689267687110696092444306160,,1,1,34,4,False,True,False
101,2,99,103075504146402266207292225953124254540421504400,,101,2,1,4,True,True,False
101,3,98,157103333276776644825606390476269224952544744,,1,1,104,3,False,False,True
101,4,97,32210913213176373005258344413929805480575499432,,1,4,3,3,False,True,False
101,5,96,22810004009361435651785605793988800,,1,5,2,6,False,True,False
101,6,95,169343150977136468560039944044446068373737704,,1,2,1,3,False,False,False
101,7,94,19637807171575292198813157266414981727575773,,1,1,1,0,False,False,False
101,8,93,9544028161703913537711161865357203741201621144,,1,8,1,3,False,True,False
101,9,92,381761126468156541508489725752312053853412979240,,1,1,10,3,False,False,False
101,10,91,19640911156990417807826850821416041457560480,,1,10,3,5,False,True,False
101,11,90,171792505580388475794221447884919845802502282248,,1,1,8,3,False,False,False
101,12,89,62026727757210009640001531420814608963227876240,,1,4,1,4,False,False,False
101,13,88,19300145838111514831259001376049198554701079696,,1,13,2,4,False,True,False
101,14,87,7392446850313336577598229617550659860960,,1,2,115,5,False,False,True
101,15,86,1918379868942128146276800182801409440,,1,5,4,5,False,False,False
101,16,85,53876318321528304027262788976475325660960,,1,16,3,5,False,True,False
101,17,84,45763363932311415257034119888095631916356534480,,1,1,2,4,False,False,False
101,18,83,90869586056057121451344074697567015168398,,1,2,1,1,False,False,False
101,19,82,10228081989546674466907712974117930287520,,1,1,40,5,False,False,False
101,20,81,9910602631247782673386367855913164017974839096,,1,4,1,3,False,False,False
101,21,80,95734788116149701603919599629750125006429520,,1,1,2,4,False,False,False
101,22,79,1899674975242442265400598476725600,,1,22,123,5,False,True,True
101,23,78,773027005261960601848775183359774263780131086640,,1,1,4,4,False,False,False
101,24,77,515377520732011331036461129765621272702107522000,,101,8,125,4,True,False,True
101,25,76,1847610367679324029139527667343438320,,1,5,14,4,False,False,False
101,26,75,32210549547685558434004885430243510427293738858,,1,2,1,1,False,False,False
101,27,74,1073703068420732156611563138406652259731731520,,1,1,64,6,False,False,False
101,28,73,32210913213176373028805265486413551369818109032,,1,28,129,3,False,True,True
101,29,72,773066281098015744976939198027630942430470098104,,1,1,2,3,False,False,False
101,30,71,3459497102747939030881966346527187144,,1,2,1,3,False,False,False
101,31,70,773066281098016996554691694648431909053161283001,,1,1,1,0,False,False,False
101,32,69,63626854411359423583003795150564176746482594120,,1,8,1,3,False,False,False
101,33,68,773065796211152102792890256237460827012752705760,,1,1,134,5,False,False,True
101,34,67,7844985711241216889654165867153435394047940,,1,2,15,2,False,False,False
101,35,66,29876957723594859770229630711050508562441015768,,1,1,8,3,False,False,False
101,36,65,1812730894737229507339450442569472921892256,,1,4,1,5,False,False,False
101,37,64,13091871447716861465875438177609987818324800,,1,1,46,6,False,False,False
101,38,63,1723227306901100423566461364751631533270861912,,1,2,1,3,False,False,False
101,39,62,772712798573509444201443093050513101595889603224,,1,1,4,3,False,False,False
101,40,61,11465942523940585570097087313709472959201440,,1,40,3,5,False,True,False
101,41,60,1207888789444924131251145255493563948584259440,,1,1,2,4,False,False,False
101,42,59,2928281367795462036365402106499719015954992122,,1,14,143,1,False,False,True
101,43,58,9037905456158570059972832017783736754471760,,1,1,16,4,False,False,False
101,44,57,127195522398931595753323965934240839768870673040,,1,4,5,4,False,False,False
101,45,56,93040033278699401240463684188739661574292580240,,1,5,2,4,False,False,False
101,46,55,7118785692460281578374878370039291602225147144,,1,2,21,3,False,False,False
101,47,54,29578096697170911525808610552630933895246626,,1,1,2,1,False,False,False
101,48,53,502317271668627024953973985837286776697114480,,1,16,1,4,False,False,False
101,49,52,613674417268746428503892811298342900413880,,1,1,10,3,False,False,False
101,50,51,515377520732011331036461129765621272702107522000,,101,50,151,4,True,True,True
101,51,50,165429821469534498013835202357837195715605842312,,1,1,8,3,False,False,False
101,52,49,1610554602631098234917344707609978389597597280,,1,52,51,5,False,True,False
101,53,48,4618999522753739707667360551750601840,,1,1,22,4,False,False,False
101,54,47,104735562817052549110696769753720728080497384,,1,2,1,3,False,False,False
101,55,46,18413342655009205933260477829983177377600,,1,55,52,6,False,True,False
101,56,45,12122171622344044955196748785534652745360,,1,56,1,4,False,True,False
101,57,44,1590644422124824821541639489276178709654703208,,1,1,2,3,False,False,False
101,58,43,265111893380664264936181617404632829378757840,,1,2,3,4,False,False,False
101,59,42,825925511835430549810061410277859167109579608,,1,1,8,3,False,False,False
101,60,41,324255549223045673748367868502046227512,,1,4,1,3,False,False,False
101,61,40,1262697698275824211234671538086030933640,,1,61,2,3,False,True,False
101,62,39,114528337940311792055277282679222573574198039048,,1,2,1,3,False,False,False
101,63,38,193266568771755801828327494974891281675146927192,,1,1,4,3,False,False,False
101,64,37,2882272173579745504663622599024474303200,,1,32,165,5,False,False,True
101,65,36,6762368465062698245949830487483341390200,,1,5,2,3,False,False,False
101,66,35,36650939938223991930607699240495301488981040,,1,22,1,4,False,False,False
101,67,34,85896253455335221837055123927410591510971725288,,1,1,8,3,False,False,False
101,68,33,1185705239207324969044218309198560,,1,4,13,5,False,False,False
101,69,32,169934567561281869376777540563012711868400,,1,1,10,4,False,False,False
101,70,31,486659658446552382481640290078528078259256,,1,2,3,3,False,False,False
101,71,30,2044213747563499066903024245627167403083273432,,1,1,4,3,False,False,False
101,72,29,3439397761042123205523547929610658273360,,1,8,1,4,False,False,False
101,73,28,91905456371963611844636415458889938890636457840,,1,1,2,4,False,False,False
101,74,27,40912329213243034958328456733337118575600,,1,2,175,4,False,False,True
101,75,26,46085334202511447736711581860232188322054560,,1,5,16,5,False,False,False
101,76,25,3220612496462359896971069710515293926694725920,,1,4,3,5,False,False,False
101,77,24,92671335175063258599039410400669225536601540160,,1,11,2,6,False,False,False
101,78,23,114057027907770225981548782261801872879661655048,,1,26,1,3,False,False,False
101,79,22,193256751315490150461604252070999906758013543053,,1,1,1,0,False,False,False
101,80,21,88370631126888088311342750566174888716508240,,1,80,1,4,False,True,False
101,81,20,773053189152664864986052857552212693962151191304,,1,1,2,3,False,False,False
101,82,19,1782884355740099560629919786740,,1,2,3,2,False,False,False
101,83,18,206446411228609743045398848411688861091744680,,1,1,8,3,False,False,False
101,84,17,23576281826714949276820835145623733852814192,,1,4,1,4,False,False,False
101,85,16,27178530427122135844727343148342059779673146,,1,1,2,1,False,False,False
101,86,15,110286547646356334213563698550667926668763749512,,1,2,11,3,False,False,False
101,87,14,3091211815158878504682504466631787995288,,1,1,4,3,False,False,False
101,88,13,402631869350346283835858305158798480113863956,,1,44,21,2,False,False,False
101,89,12,423911582747659195142602570120,,1,1,10,3,False,False,False
101,90,11,13637443039935830250812293679078686102160,,1,10,1,4,False,False,False
101,91,10,42948126727667610061284139073994477007771937920,,1,1,64,7,False,False,False
101,92,9,377132099316946626589004391947612817194366,,1,46,1,1,False,False,False
101,93,8,386530958558116476349239374474846085344745586852,,1,31,2,2,False,False,False
101,94,7,28632084485111740606071536379475204057095103512,,1,2,39,3,False,False,False
101,95,6,381363519238943656831310228756024780719032920,,1,5,4,3,False,False,False
101,96,5,38373443720789449180570988957974752266,,1,2,1,1,False,False,False
101,97,4,1445144932964585374034760944626641917105680,,1,1,2,4,False,False,False
101,98,3,21283524607595741054566202200,,1,14,1,3,False,False,False
101,99,2,158402805615517804195572477891040,,1,1,40,5,False,False,False
101,100,1,297653779493309688476347320,,1,20,201,3,False,False,True
102,1,101,6607403651467510042953868768684630673729784080,,2,1,1,4,False,True,False
102,2,100,2153693963075557766310746,,2,2,26,1,False,True,False
102,3,99,51472685769960,,6,3,105,3,False,True,True
102,4,98,317752744437911891141968,,2,4,2,4,False,True,False
102,5,97,27120689962384905353589660688897860991389512,,2,1,1,3,False,False,False
102,6,96,387420486,,6,6,6,1,False,True,False
102,7,95,2433067150853430836478735970475445224,,2,1,1,3,False,False,False
102,8,94,4266690166042694927680,,2,8,110,6,False,True,True
102,9,93,24912826983452166,,6,3,3,1,False,False,False
102,10,92,415644336023178448,,2,2,16,4,False,False,False
102,11,91,1030755033482345873698242400462749194259258693224,,2,1,1,3,False,False,False
102,12,90,258280320,,102,12,6,7,True,True,False
102,13,89,1159599421610071410111817530225841616424759069944,,2,1,23,3,False,False,False
102,14,88,25604043456773892054880,,2,2,4,5,False,False,False
102,15,87,11113037401441272,,6,3,3,3,False,False,False
102,16,86,27610006304322217790560,,2,16,118,5,False,True,True
102,17,85,12376,6188,34,17,119,3,False,True,True
102,18,84,386886864,,6,6,24,4,False,False,False
102,19,83,23823564015145044025905031882830973915015760,,34,1,1,4,False,False,False
102,20,82,39664608702126175623856,,2,4,2,4,False,False,False
102,21,81,115637266661280,,6,21,123,5,False,True,True
102,22,80,23665764220729958834416,,2,2,4,4,False,False,False
102,23,79,156456828405720474597460606669138371577038824,,2,1,1,3,False,False,False
102,24,78,258280308,,6,12,18,2,False,False,False
102,25,77,4638397686588101979328150167890591454318967698008,2319198843294050989664075083945295727159483849004,2,1,1,3,False,False,False
102,26,76,119157279164216959178480,,2,2,16,4,False,False,False
102,27,75,1321770230729520,,6,3,3,4,False,False,False
102,28,74,358948960182726806738560,,34,4,130,7,False,False,True
102,29,73,279162821568135340793273983458661240111742660906,,2,1,1,1,False,False,False
102,30,72,373071504,,6,6,12,4,False,False,False
102,31,71,16104456541286419922772341671936850939385007304,,2,1,1,3,False,False,False
102,32,70,691309173332895085482436,,2,4,2,2,False,False,False
102,33,69,12500261538205920,,6,3,15,5,False,False,False
102,34,68,442,,34,34,34,1,False,True,False
102,35,67,2247913251933152180424448495070567711120,,2,35,1,4,False,True,False
102,36,66,57156528,,6,12,6,4,False,False,False
102,37,65,329149269280257607633178304863691946457363600,,2,1,1,4,False,False,False
102,38,64,26588764327412403756640,,2,2,140,5,False,False,True
102,39,63,555906056655552,,102,3,3,6,True,False,False
102,40,62,504484733393280640,,34,40,2,7,False,True,False
102,41,61,4638397686588101979328150167890591454318967698008,2319198843294050989664075083945295727159483849004,2,1,13,3,False,False,False
102,42,60,354288,,6,6,48,4,False,False,False
102,43,59,90045492075155859861011276742868102075840,,34,1,5,6,False,False,False
102,44,58,255310956847034264176,,2,44,2,4,False,True,False
102,45,57,6253942975949760,,102,15,21,6,True,False,False
102,46,56,159532886153745019726720,,34,2,4,7,False,False,False
102,47,55,1494512434807402831162971881457198521528,,2,1,1,3,False,False,False
102,48,54,1338240,,102,48,30,7,True,True,False
102,49,53,984926421435004817822800006551784473760,,34,1,1,5,False,False,False
102,50,52,134578518987263330464160,,2,10,8,5,False,False,False
102,51,51,408,204,102,51,51,3,True,True,False
102,52,50,4559046349485182896,,2,4,22,4,False,False,False
102,53,49,984926421435004817822800006551784473760,,34,1,5,5,False,False,False
102,54,48,387341760,,6,6,156,6,False,False,True
102,55,47,1494512434807402831162971881457198521528,,2,11,1,3,False,False,False
102,56,46,177258762393050021918560,,2,8,2,5,False,False,False
102,57,45,6253942975949760,,102,57,3,6,True,True,False
102,58,44,478379520430955224817488,,2,2,16,4,False,False,False
102,59,43,90045492075155859861011276742868102075840,,34,1,1,6,False,False,False
102,60,42,61894404,,6,12,18,2,False,False,False
102,61,41,4638397686588101979328150167890591454318967698008,2319198843294050989664075083945295727159483849004,2,1,1,3,False,False,False
102,62,40,3126759676589120,,34,2,164,6,False,False,True
102,63,39,555906056655552,,102,3,3,6,True,False,False
102,64,38,177258762240514826989520,,2,16,2,4,False,False,False
102,65,37,329149269280257607633178304863691946457363600,,2,5,1,4,False,False,False
102,66,36,186535752,,6,6,24,3,False,False,False
102,67,35,2247913251933152180424448495070567711120,,2,1,13,4,False,False,False
102,68,34,272,,34,68,34,4,False,True,False
102,69,33,12500261538205920,,6,3,3,5,False,False,False
102,70,32,215270919217337415507568,,2,2,4,4,False,False,False
102,71,31,16104456541286419922772341671936850939385007304,,2,1,1,3,False,False,False
102,72,30,258280320,,102,24,6,7,True,False,False
102,73,29,279162821568135340793273983458661240111742660906,,2,1,1,1,False,False,False
102,74,28,218837978263024718416,,2,2,16,4,False,False,False
102,75,27,1321770230729520,,6,15,3,4,False,False,False
102,76,26,358784862583828525285648,,2,4,2,4,False,False,False
102,77,25,4638397686588101979328150167890591454318967698008,2319198843294050989664075083945295727159483849004,2,7,1,3,False,False,False
102,78,24,23871120,,6,78,60,4,False,True,False
102,79,23,156456828405720474597460606669138371577038824,,2,1,1,3,False,False,False
102,80,22,1477147910468656448308,,2,4,26,2,False,False,False
102,81,21,115637266661280,,6,3,3,5,False,False,False
102,82,20,31906577230749003945344,,34,82,8,7,False,True,False
102,83,19,23823564015145044025905031882830973915015760,,34,1,5,4,False,False,False
102,84,18,55269552,,6,12,6,4,False,False,False
102,85,17,12376,6188,34,17,17,3,False,False,False
102,86,16,4983029359649321300320,,2,2,4,5,False,False,False
102,87,15,11113037401441272,,6,3,3,3,False,False,False
102,88,14,155653695863554616,,2,8,2,3,False,False,False
102,89,13,1159599421610071410111817530225841616424759069944,,2,1,1,3,False,False,False
102,90,12,5285280,,6,30,96,5,False,False,False
102,91,11,1030755033482345873698242400462749194259258693224,,2,1,1,3,False,False,False
102,92,10,2133658243433262316160,,34,92,2,7,False,True,False
102,93,9,24912826983452166,,6,3,3,1,False,False,False
102,94,8,2153693963006896007886256,,2,2,4,4,False,False,False
102,95,7,2433067150853430836478735970475445224,,2,1,1,3,False,False,False
102,96,6,61894404,,6,12,198,2,False,False,True
102,97,5,27120689962384905353589660688897860991389512,,2,1,1,3,False,False,False
102,98,4,1527578853861351273268,,2,2,4,2,False,False,False
102,99,3,51472685769960,,6,3,3,3,False,False,False
102,100,2,382940520003082817776,,2,4,2,4,False,False,False
102,101,1,6607403651467510042953868768684630673729784080,,2,1,203,4,False,False,True
103,1,102,9663328510953374497923313158153770581695090800,,1,1,8,4,False,True,False
103,2,101,23824191648697468149503702558530888675159080,,1,2,105,3,False,True,True
103,3,100,4940721645115945549278048352002430823816782640,,1,1,2,4,False,False,False
103,4,99,233570796881203075486521796142182736890232,,1,4,1,3,False,True,False
103,5,98,3464462665594969899130219578626398246423264939538,,1,1,2,1,False,False,False
103,6,97,4638397686588101979328150167890591454318967698008,,103,2,1,3,True,False,False
103,7,96,1653541791186110744793211557145130916995318749520,,1,1,10,4,False,False,False
103,8,95,10625952883785725526312747031943576736,,1,8,3,5,False,True,False
103,9,94,1485983354957797106308837370653796733466942768,,1,1,112,4,False,False,True
103,10,93,17698403871290824266377616435137685771890120,,1,10,1,3,False,True,False
103,11,92,181831547884956409098708738202215198226400,,1,11,2,5,False,True,False
103,12,91,417194939229396426729982743539576,,1,4,23,3,False,False,False
103,13,90,1363374456884285206013062548320,,1,13,4,5,False,True,False
103,14,89,4382013850446947771636764501098339199443912,,1,2,3,3,False,False,False
103,15,88,16039239368814831986897080402825404357808822390,,1,5,2,1,False,False,False
103,16,87,126127544688434170613227863211211533812491560,,1,8,1,3,False,False,False
103,17,86,22528399544939174411840147874772640,,1,1,40,5,False,False,False
103,18,85,617693873343603902876679457359564467253800,,1,2,11,3,False,False,False
103,19,84,6871700276426817747152815063541616969361433626640,,1,1,2,4,False,False,False
103,20,83,17447381005174808294540598643658228062477153476,,1,4,3,2,False,False,False
103,21,82,86969792974210010467794830184245849579843015239,,1,7,1,0,False,False,False
103,22,81,558325647459678930796693807961928201101035192960,,1,22,5,7,False,True,False
103,23,80,12588408699998244895868362799542848745280,,1,1,14,6,False,False,False
103,24,79,4638397686588101979328150167890591454318967698008,,103,8,1,3,True,False,False
103,25,78,2648443451637378593188179487796343348800,,1,25,64,6,False,True,False
103,26,77,545470008849966836757590576865381761880600,,1,26,3,3,False,True,False
103,27,76,8520583608635868387086767739438694495318520,,1,1,130,3,False,False,True
103,28,75,9544028161702661959959746523007139747543539064,,1,4,1,3,False,False,False
103,29,74,176052539682520191246210131023686494171995360,,1,1,4,5,False,False,False
103,30,73,3303702055658600777126148431582864546593581388,,1,2,7,2,False,False,False
103,31,72,13324254647828383613512539187928768400305967272,,103,1,2,3,True,False,False
103,32,71,289855670096192929663853310293422114962776520060,,1,4,15,2,False,False,False
103,33,70,114057027907770225981548782261801872879661655048,,1,11,8,3,False,False,False
103,34,69,1030755041464022662072917473544657933053623242344,,1,2,1,3,False,False,False
103,35,68,5226549935131907848473649591306064476568800,,103,35,2,5,True,True,False
103,36,67,7247496385293557336449985388178121779620053360,,1,4,1,4,False,False,False
103,37,66,26863307065182057616360979451300747456678920240,,1,1,20,4,False,False,False
103,38,65,3579009809277418697532697293683322172136613120,,1,2,3,8,False,False,False
103,39,64,112219298869066983370500478589260493484258641800,,1,13,2,3,False,False,False
103,40,63,454322629168677956172838810932870968,,1,8,143,3,False,False,True
103,41,62,18610843242120328400040417967930289065305078584,,1,1,8,3,False,False,False
103,42,61,2454739069224563410901020249382824708300160,,1,2,5,7,False,False,False
103,43,60,208510499300073930439891005568213014382213451560,,1,1,2,3,False,False,False
103,44,59,2290566758808939249050938354513872323120477875440,,1,4,3,4,False,False,False
103,45,58,23757037079050131423378411686598116477206048,,1,1,4,5,False,False,False
103,46,57,1527549469079020305250787514354011460517997080,,1,2,1,3,False,False,False
103,47,56,6957596529882152968992225251835887181478451547013,,1,1,1,0,False,False,False
103,48,55,1260712965485371257506461925815928795641784,,1,8,1,3,False,False,False
103,49,54,7158021119225034744751600089576917534226988400,,1,7,8,4,False,False,False
103,50,53,2061510082928045324145844519062485090808430087992,,1,2,3,3,False,False,False
103,51,52,2462354076617618017646406644527235576,,1,1,14,3,False,False,False
103,52,51,78128214885269198359804567272800,,1,52,5,5,False,True,False
103,53,50,6957596529882152968992225251835887181478451547013,,1,1,1,0,False,False,False
103,54,49,16569489743709309807183894046024379940144008,,1,2,1,3,False,False,False
103,55,48,316206185559483195996930883956460489050301659440,,1,55,2,4,False,True,False
103,56,47,65459726253760269223562411802648692868864720,,1,8,3,4,False,False,False
103,57,46,117845395763895074024476793145815883321246080,,1,1,160,7,False,False,True
103,58,45,1030283731431345925601924124067350802127852801384,,1,2,1,3,False,False,False
103,59,44,6550831445422477487674400,,1,1,2,5,False,False,False
103,60,43,2386007040349945035963891072311989833583841006,,1,2,1,1,False,False,False
103,61,42,14296404324527672921860352585771335919873341304,,1,1,4,3,False,False,False
103,62,41,1579073930613695929594276523588160,,1,2,165,6,False,False,True
103,63,40,76018683938834341703252556896717078976420400,,1,7,2,4,False,False,False
103,64,39,6415313627630379874268561540802320,,1,16,1,4,False,False,False
103,65,38,6014714763113894956489003594605884218887028120,,1,65,56,3,False,True,False
103,66,37,16105506990942234361125226031384740605358347440,,1,2,13,4,False,False,False
103,67,36,13637443070791294580522061548424446004800,,1,67,170,6,False,True,True
103,68,35,50688040555158069298519168255921836,,1,4,3,2,False,False,False
103,69,34,128314156396241504197579848001192207730553851360,,1,1,4,5,False,False,False
103,70,33,384857905881604938993745256087739680,,1,10,1,5,False,False,False
103,71,32,3464306208766564178655622118019729108051697426802,,1,1,2,1,False,False,False
103,72,31,279162817244727080423655726463227341575171107920,,1,8,5,4,False,False,False
103,73,30,88411038365629235063488197724773356445677576,,1,1,8,3,False,False,False
103,74,29,45821808377632188456493688261854085008205304,,1,2,3,3,False,False,False
103,75,28,837091355332282812573298662776969224851810266308,,1,1,2,2,False,False,False
103,76,27,9195985409169508790245040941730665240,,1,4,1,3,False,False,False
103,77,26,552882921520622627497242745861440244448656808,,1,77,4,3,False,True,False
103,78,25,1159579782731304595231903008325566235003741890824,,1,2,1,3,False,False,False
103,79,24,869635744082525320744403713789073465855332299652,,1,1,26,2,False,False,False
103,80,23,44518404916530901744264393228770928684468645992,,1,8,3,3,False,False,False
103,81,22,252502368441497440142440182900506345120,,1,1,8,5,False,False,False
103,82,21,13103909655712496528296625843507907701742320,,1,2,5,4,False,False,False
103,83,20,185014828870238039750796066013746080,,1,1,2,5,False,False,False
103,84,19,7246269034124201980893499579250279024335974560,,1,28,11,5,False,False,False
103,85,18,57201589453488830175269508468576456337939600,,1,5,4,4,False,False,False
103,86,17,2319198837307793398383065189643925713800379165432,,1,2,21,3,False,False,False
103,87,16,6871700276426817747152815063541616969361433626640,,1,1,10,4,False,False,False
103,88,15,362998187891039280408011204605199771187032,,1,88,1,3,False,True,False
103,89,14,12029452131097521621111900173647032605712256880,,103,1,16,4,True,False,False
103,90,13,1963791801130104976533947315375836128951440,,1,10,1,4,False,False,False
103,91,12,6871700276426817747152815063541616969361433626640,,1,13,2,4,False,False,False
103,92,11,5328697427520308056117829058030407353416,,1,4,39,3,False,False,False
103,93,10,64422189592646617103785085698535200412360544724,,1,1,196,2,False,False,True
103,94,9,18475779193868478134465861298746351284,,1,2,1,2,False,False,False
103,95,8,545174423732708156336360522125263879189560,,1,5,22,3,False,False,False
103,96,7,52868620573479268250515561691964668591039560,,1,8,1,3,False,False,False
103,97,6,4831418782887253761157447230276929932913141200,,1,1,200,4,False,False,True
103,98,5,496062537355833223437963467143539275098595624856,,1,2,3,3,False,False,False
103,99,4,9823450760192116362308166589442102804190320,,1,11,2,4,False,False,False
103,100,3,556028011050379851660050313526284130288350569932,,1,4,1,2,False,False,False
103,101,2,2129659176578559219158209411571485313934721706,,1,1,2,1,False,False,False
103,102,1,579799706333819449657116026773218087023987942920,,1,2,5,3,False,False,False
104,1,103,20872789587651039709883005790740538206643949946826,,26,1,1,1,False,True,False
104,2,102,230914807418918480,,104,2,2,4,True,True,False
104,3,101,7158021121277935153276913517634108229338790480,,104,1,1,4,True,False,False
104,4,100,141212347232,70606173616,8,4,4,5,False,True,False
104,5,99,41745579179292917813953351511015323088870709282080,20872789589646458906976675755507661544435354641040,8,5,1,5,False,True,False
104,6,98,248490524102985576717760,,104,2,10,6,True,False,False
104,7,97,628990962726673700898457536659423251104833920,,8,1,1,7,False,False,False
104,8,96,6377288,,8,8,8,3,False,True,False
104,9,95,83801222811152006958280221108515714159263552,,8,1,1,6,False,False,False
104,10,94,2215721999150187253544,,104,2,38,3,True,False,False
104,11,93,41745579179292917813953351511015323088870709282080,20872789589646458906976675755507661544435354641040,8,1,5,5,False,False,False
104,12,92,1270911361280,,8,4,4,8,False,False,False
104,13,91,40898,,26,13,13,1,False,True,False
104,14,90,12922163778453346597864480,6461081889226673298932240,8,2,2,5,False,False,False
104,15,89,41745579179292917813953351511015323088870709282080,20872789589646458906976675755507661544435354641040,8,5,1,5,False,False,False
104,16,88,4251504,,8,16,24,4,False,True,False
104,17,87,5211036107793691952159482467971032241345082232684,,52,1,121,2,False,False,True
104,18,86,2584432755690669319572896,1292216377845334659786448,8,2,2,5,False,False,False
104,19,85,13039520297203537782133808051875274694702670640,,8,1,41,4,False,False,False
104,20,84,278927005760,,104,20,4,6,True,True,False
104,21,83,8349115835858583562790670302203064617774141856416,4174557917929291781395335151101532308887070928208,8,1,1,5,False,False,False
104,22,82,39880970130343452878560,,104,2,2,5,True,False,False
104,23,81,10393446668095561834874637556573228199395512713048,,8,1,1,3,False,False,False
104,24,80,704704,,104,8,64,6,True,False,False
104,25,79,1147118769321841437118753231045525882604860,,52,5,1,2,False,False,False
104,26,78,2080,1040,104,26,130,5,True,True,True
104,27,77,2534444948805644811693165701620328,,104,1,1,3,True,False,False
104,28,76,10167463313312,5083731656656,8,4,4,5,False,False,False
104,29,75,41745579179292917813953351511015323088870709282080,20872789589646458906976675755507661544435354641040,8,1,1,5,False,False,False
104,30,74,12922163778453346597864480,6461081889226673298932240,8,10,2,5,False,False,False
104,31,73,4926960976239081616347819988667107120,,104,31,5,4,True,True,False
104,32,72,26240,,8,32,8,7,False,True,False
104,33,71,652175121362788957009555689073438343277164881760,,8,1,1,5,False,False,False
104,34,70,6461045416230296127968692,,4,2,46,2,False,False,False
104,35,69,22092657781643798468506561069884345628991720,,104,35,1,3,True,True,False
104,36,68,282429536480,,104,4,140,5,True,False,True
104,37,67,20786893336191123685137265567213391332318336720586,,26,1,1,1,False,False,False
104,38,66,2188379782630247184160,,104,2,2,5,True,False,False
104,39,65,85280,42640,104,13,13,5,True,False,False
104,40,64,6365632,,104,8,16,6,True,False,False
104,41,63,200699885395284131335533075782930936268416500586,,26,1,1,1,False,False,False
104,42,62,398832215269961153120,,8,2,2,5,False,False,False
104,43,61,26183890704263137277674192438430182020124346,,2,1,1,1,False,False,False
104,44,60,97749169280,,8,4,148,7,False,False,True
104,45,59,399199597677195790935420737916306555078815792668,,52,1,1,2,False,False,False
104,46,58,8105110306037952532,,52,2,2,2,False,False,False
104,47,57,5218197397356183599663824323997622947707059383360,,8,47,1,6,False,True,False
104,48,56,472384,,8,16,8,6,False,False,False
104,49,55,5390699414855556006789747983661018175402655680,,104,1,17,6,True,False,False
104,50,54,12922163778453346597864480,6461081889226673298932240,8,10,2,5,False,False,False
104,51,53,802799591313122539925111681776868574372495379496,,104,1,1,3,True,False,False
104,52,52,416,208,104,52,52,5,True,True,False
104,53,51,802799591313122539925111681776868574372495379496,,104,1,1,3,True,False,False
104,54,50,12922163778453346597864480,6461081889226673298932240,8,2,2,5,False,False,False
104,55,49,5390699414855556006789747983661018175402655680,,104,55,1,6,True,True,False
104,56,48,6377288,,8,8,8,3,False,False,False
104,57,47,5218197397356183599663824323997622947707059383360,,8,1,1,6,False,False,False
104,58,46,8105110306037952532,,52,2,2,2,False,False,False
104,59,45,399199597677195790935420737916306555078815792668,,52,1,1,2,False,False,False
104,60,44,97749169280,,8,20,164,7,False,False,True
104,61,43,26183890704263137277674192438430182020124346,,2,1,1,1,False,False,False
104,62,42,398832215269961153120,,8,2,2,5,False,False,False
104,63,41,200699885395284131335533075782930936268416500586,,26,7,1,1,False,False,False
104,64,40,4251504,,8,16,24,4,False,False,False
104,65,39,85280,42640,104,65,13,5,True,True,False
104,66,38,2188379782630247184160,,104,2,10,5,True,False,False
104,67,37,20786893336191123685137265567213391332318336720586,,26,1,1,1,False,False,False
104,68,36,282429536480,,104,4,4,5,True,False,False
104,69,35,22092657781643798468506561069884345628991720,,104,1,1,3,True,False,False
104,70,34,6461045416230296127968692,,4,2,2,2,False,False,False
104,71,33,652175121362788957009555689073438343277164881760,,8,1,5,5,False,False,False
104,72,32,6377288,,8,8,8,3,False,False,False
104,73,31,4926960976239081616347819988667107120,,104,73,1,4,True,True,False
104,74,30,12922163778453346597864480,6461081889226673298932240,8,2,2,5,False,False,False
104,75,29,41745579179292917813953351511015323088870709282080,20872789589646458906976675755507661544435354641040,8,5,1,5,False,False,False
104,76,28,10167463313312,5083731656656,8,4,4,5,False,False,False
104,77,27,2534444948805644811693165701620328,,104,77,1,3,True,True,False
104,78,26,2080,1040,104,26,26,5,True,False,False
104,79,25,1147118769321841437118753231045525882604860,,52,1,1,2,False,False,False
104,80,24,2116048,,8,16,8,4,False,False,False
104,81,23,10393446668095561834874637556573228199395512713048,,8,1,1,3,False,False,False
104,82,22,39880970130343452878560,,104,2,2,5,True,False,False
104,83,21,8349115835858583562790670302203064617774141856416,4174557917929291781395335151101532308887070928208,8,1,1,5,False,False,False
104,84,20,278927005760,,104,4,4,6,True,False,False
104,85,19,13039520297203537782133808051875274694702670640,,8,5,1,4,False,False,False
104,86,18,2584432755690669319572896,1292216377845334659786448,8,2,2,5,False,False,False
104,87,17,5211036107793691952159482467971032241345082232684,,52,1,1,2,False,False,False
104,88,16,5668672,,8,8,64,6,False,False,False
104,89,15,41745579179292917813953351511015323088870709282080,20872789589646458906976675755507661544435354641040,8,1,1,5,False,False,False
104,90,14,12922163778453346597864480,6461081889226673298932240,8,10,2,5,False,False,False
104,91,13,40898,,26,13,13,1,False,False,False
104,92,12,1270911361280,,8,4,4,8,False,False,False
104,93,11,41745579179292917813953351511015323088870709282080,20872789589646458906976675755507661544435354641040,8,1,1,5,False,False,False
104,94,10,2215721999150187253544,,104,2,2,3,True,False,False
104,95,9,83801222811152006958280221108515714159263552,,8,1,1,6,False,False,False
104,96,8,26240,,8,32,40,7,False,False,False
104,97,7,628990962726673700898457536659423251104833920,,8,1,1,7,False,False,False
104,98,6,248490524102985576717760,,104,14,2,6,True,False,False
104,99,5,41745579179292917813953351511015323088870709282080,20872789589646458906976675755507661544435354641040,8,1,1,5,False,False,False
104,100,4,141212347232,70606173616,8,4,4,5,False,False,False
104,101,3,7158021121277935153276913517634108229338790480,,104,1,5,4,True,False,False
104,102,2,230914807418918480,,104,2,2,4,True,False,False
104,103,1,20872789587651039709883005790740538206643949946826,,26,1,1,1,False,False,False
105,1,104,4930434487951977353297080106510020095651040,,35,1,2,5,False,True,False
105,2,103,20872789589643721706431965645816622962655771022666,,1,2,1,1,False,True,False
105,3,102,72267787365221760,,15,3,12,7,False,True,False
105,4,101,4135115183770076959237586941683495965483929888,,1,4,1,5,False,True,False
105,5,100,1188649660,,5,5,110,2,False,True,True
105,6,99,102945537349512,,3,6,3,3,False,True,False
105,7,98,5510960,,35,7,112,4,False,True,True
105,8,97,20872789589646154773582819076653101668123856527946,,1,2,1,1,False,False,False
105,9,96,1384045943524959,,3,3,3,0,False,False,False
105,10,95,8394110530,,5,10,5,1,False,True,False
105,11,94,8514722156569494157740343054542451340262040960,,35,1,4,7,False,False,False
105,12,93,781742867958090,,15,6,9,1,False,False,False
105,13,92,257688760366005665518230564882810636351053761000,,5,1,2,3,False,False,False
105,14,91,7406168,,7,14,7,3,False,True,False
105,15,90,14520,,15,15,120,3,False,True,True
105,16,89,5783747246746785312504338730172,,7,4,1,2,False,False,False
105,17,88,11044642861228048025829024120922788002521840,,5,1,2,4,False,False,False
105,18,87,893405318039520,,15,6,123,5,False,False,True
105,19,86,1159599394598009714581996440348692188331138381120,,5,1,4,6,False,False,False
105,20,85,3486784400,,5,20,25,4,False,True,False
105,21,84,2541,,21,21,21,0,False,True,False
105,22,83,687170027642681774715281506354161696936143362664,,1,2,1,3,False,False,False
105,23,82,10737031571060280883772069818000272179418932480,,35,1,128,8,False,False,True
105,24,81,25015756856578566,,3,6,3,1,False,False,False
105,25,80,26150883005,,5,5,65,0,False,False,False
105,26,79,1287854664289182329779845163640863636131445731920,,5,2,1,4,False,False,False
105,27,78,37506289214180454,,3,3,6,1,False,False,False
105,28,77,16670654,,7,14,7,1,False,False,False
105,29,76,20621917832566774243389473761839998364854189384,,7,1,2,3,False,False,False
105,30,75,4680,,15,30,45,3,False,True,False
105,31,74,869567010288578736850435252357498377809313433760,,5,1,8,5,False,False,False
105,32,73,157005154635437836900775358173432755540574468980,,5,4,1,2,False,False,False
105,33,72,37506289214180454,,3,3,138,1,False,False,True
105,34,71,10431622780742377427219177763882934491668976406160,,35,2,1,4,False,False,False
105,35,70,455,,35,35,35,0,False,True,False
105,36,69,35616897519918,,3,6,3,1,False,False,False
105,37,68,579795346847887404785403572092420993839699103480,,35,1,2,3,False,False,False
105,38,67,1159599421645656825024052529762884488004595564264,,1,2,11,3,False,False,False
105,39,66,1029438225665520,,15,3,48,4,False,False,False
105,40,65,217890400,,35,40,5,5,False,True,False
105,41,64,7795085001071670914516264550386507533196461535048,,7,1,2,3,False,False,False
105,42,63,1680,,105,42,21,4,True,True,False
105,43,62,64687301984882080644494092419141764680717199233,,1,1,1,0,False,False,False
105,44,61,42928488809588747845136512334838451486531921058,,1,22,1,1,False,False,False
105,45,60,7800,,15,15,150,3,False,False,True
105,46,59,2550318947267380800521053149275709936436040,,35,46,1,3,False,True,False
105,47,58,869699020725228720913977903791808477940882386160,,35,47,8,4,False,True,False
105,48,57,423622692792,,3,24,9,3,False,False,False
105,49,56,50221171,,7,7,77,0,False,False,False
105,50,55,17433922000,,5,50,5,4,False,True,False
105,51,54,75047317648499559,,3,3,3,0,False,False,False
105,52,53,652274523149309729598644174927587621929724099520,,5,4,1,6,False,False,False
105,53,52,1956525636795657140496895585393837860608678718920,,5,1,2,3,False,False,False
105,54,51,953054400480,,105,6,3,5,True,False,False
105,55,50,1399018400,,5,5,160,5,False,False,True
105,56,49,616616,,7,56,7,3,False,True,False
105,57,48,34315188682440,,15,3,6,3,False,False,False
105,58,47,19386606065985611302137473850669233313303440,,5,2,1,4,False,False,False
105,59,46,9440809303544908519010330849600320615960,,35,1,4,3,False,False,False
105,60,45,10920,,105,60,15,3,True,True,False
105,61,44,331314120470578712809153583420756532451354835572,,1,1,2,2,False,False,False
105,62,43,13589265213561001920175644768777163332770168,,7,62,1,3,False,True,False
105,63,42,2184,,21,21,168,3,False,False,True
105,64,41,41745579179292917813953351511015323088870709282080,,5,32,1,5,False,False,False
105,65,40,23914840,,5,5,10,3,False,False,False
105,66,39,25015767297799896,,3,6,9,3,False,False,False
105,67,38,2684257359267576493925601755879762463670061840,,35,1,4,4,False,False,False
105,68,37,5211039376290336791590884756519059535099087166808,,7,4,1,3,False,False,False
105,69,36,9368040416804160,,105,3,6,6,True,False,False
105,70,35,280,,35,70,35,3,False,True,False
105,71,34,9788249512655404898370056136242789031720528080,,5,1,16,4,False,False,False
105,72,33,387420486,,3,6,3,1,False,False,False
105,73,32,47046107264361737269889447261356080411554641600,,5,1,2,6,False,False,False
105,74,31,13634325945291238832829527421270222171152245520,,5,2,1,4,False,False,False
105,75,30,16395,,15,15,15,0,False,False,False
105,76,29,250719358293713281417092593677591754691368,,1,4,1,3,False,False,False
105,77,28,1928836,,7,7,182,2,False,False,True
105,78,27,2779530283277760,,15,6,3,6,False,False,False
105,79,26,55660772239057223751937802014687097451827612376104,,1,1,8,3,False,False,False
105,80,25,3486784400,,5,80,5,4,False,True,False
105,81,24,36133870987423014,,3,3,6,1,False,False,False
105,82,23,193266570219075938108293202418576773435460736100,,5,2,11,2,False,False,False
105,83,22,3913029457008092723535509716905849259045536741040,,5,1,4,4,False,False,False
105,84,21,1638,,21,42,63,1,False,False,False
105,85,20,161392400,,5,5,10,4,False,False,False
105,86,19,2737200544706879150093964206491105040,,5,2,1,4,False,False,False
105,87,18,12391385772480,,15,3,192,6,False,False,True
105,88,17,12044826546552171466420597179443569955985064,,7,88,1,3,False,True,False
105,89,16,511009914624105484099014403006573103798174222014,,1,1,2,1,False,False,False
105,90,15,10920,,105,30,195,3,True,False,True
105,91,14,50221171,,7,91,7,0,False,True,False
105,92,13,42947884284235164038659001419784383375421833058,,1,46,1,1,False,False,False
105,93,12,18761828960134320,,15,3,6,4,False,False,False
105,94,11,2308598731516086253663432116410239796526692234216,,1,94,1,3,False,True,False
105,95,10,23245229320,,5,5,40,3,False,False,False
105,96,9,6253931369278320,,105,48,201,4,True,False,True
105,97,8,123583678011668233837767424636792015524800,,35,1,2,6,False,False,False
105,98,7,33480776,,7,14,7,3,False,False,False
105,99,6,75047317648499559,,3,33,3,0,False,False,False
105,100,5,8394110530,,5,10,5,1,False,False,False
105,101,4,7823717083312962976013498897907570864910098321200,,35,1,2,4,False,False,False
105,102,3,34738571518560,,105,6,207,5,True,False,True
105,103,2,65983404574743105939738964944844058690713354160,,35,1,208,4,False,False,True
105,104,1,261878815426571974247456540177575827839830720,,35,104,11,6,False,True,False
